<?xml version="1.0" encoding="UTF-8"?>
<adag xmlns:xsi="http://www.w3.org/2001/XMLSchema">
    <node network="A" bandwidth="45" mips="25000" cores="6" storage="1363148800" memory="2096000" name="host1"/>
    <node network="A" bandwidth="35" mips="20000" cores="6" storage="1363148800" memory="2096000" name="host2"/>
    <node network="A" bandwidth="35" mips="30000" cores="6" storage="1363148800" memory="2096000" name="host3"/>
    <node network="A" bandwidth="35" mips="25000" cores="6" storage="1363148800" memory="2096000" name="host4"/>
    <node network="A" bandwidth="35" mips="20000" cores="6" storage="1363148800" memory="2096000" name="host5"/>
    <node network="A" bandwidth="45" mips="30000" cores="6" storage="1363148800" memory="2096000" name="host6"/>
    <node network="A" bandwidth="35" mips="25000" cores="6" storage="1363148800" memory="2096000" name="host7"/>
    <node network="A" bandwidth="35" mips="20000" cores="6" storage="1363148800" memory="2096000" name="host8"/>
    <node network="A" bandwidth="35" mips="30000" cores="6" storage="1363148800" memory="2096000" name="host9"/>
    <node network="A" bandwidth="35" mips="25000" cores="6" storage="1363148800" memory="2096000" name="host10"/>
    <node network="A" bandwidth="45" mips="20000" cores="6" storage="1363148800" memory="2096000" name="host11"/>
    <node network="A" bandwidth="35" mips="30000" cores="6" storage="1363148800" memory="2096000" name="host12"/>
    <node network="A" bandwidth="35" mips="25000" cores="6" storage="1363148800" memory="2096000" name="host13"/>
    <node network="A" bandwidth="35" mips="20000" cores="6" storage="1363148800" memory="2096000" name="host14"/>
    <node network="A" bandwidth="35" mips="30000" cores="6" storage="1363148800" memory="2096000" name="host15"/>
    <node network="A" bandwidth="45" mips="25000" cores="6" storage="1363148800" memory="2096000" name="host16"/>
    <node network="A" bandwidth="35" mips="20000" cores="6" storage="1363148800" memory="2096000" name="host17"/>
    <node network="A" bandwidth="35" mips="30000" cores="6" storage="1363148800" memory="2096000" name="host18"/>
    <node network="A" bandwidth="35" mips="25000" cores="6" storage="1363148800" memory="2096000" name="host19"/>
    <node network="A" bandwidth="35" mips="20000" cores="6" storage="1363148800" memory="2096000" name="host20"/>
    <node network="A" bandwidth="45" mips="30000" cores="6" storage="1363148800" memory="2096000" name="host21"/>
    <node network="A" bandwidth="35" mips="25000" cores="6" storage="1363148800" memory="2096000" name="host22"/>
    <node network="A" bandwidth="35" mips="20000" cores="6" storage="1363148800" memory="2096000" name="host23"/>
    <node network="A" bandwidth="35" mips="30000" cores="6" storage="1363148800" memory="2096000" name="host24"/>
    <node network="A" bandwidth="35" mips="25000" cores="6" storage="1363148800" memory="2096000" name="host25"/>
    <node network="A" bandwidth="45" mips="20000" cores="6" storage="1363148800" memory="2096000" name="host26"/>
    <node network="A" bandwidth="35" mips="30000" cores="6" storage="1363148800" memory="2096000" name="host27"/>
    <node network="A" bandwidth="35" mips="25000" cores="6" storage="1363148800" memory="2096000" name="host28"/>
    <node network="A" bandwidth="35" mips="20000" cores="6" storage="1363148800" memory="2096000" name="host29"/>
    <node network="A" bandwidth="35" mips="30000" cores="6" storage="1363148800" memory="2096000" name="host30"/>
    <node network="A" bandwidth="45" mips="25000" cores="6" storage="1363148800" memory="2096000" name="host31"/>
    <node network="A" bandwidth="35" mips="30000" cores="6" storage="1363148800" memory="2096000" name="host32"/>
    <node network="A" bandwidth="35" mips="20000" cores="6" storage="1363148800" memory="2096000" name="host33"/>
    <node network="A" bandwidth="35" mips="25000" cores="6" storage="1363148800" memory="2096000" name="host34"/>
    <node network="A" bandwidth="35" mips="20000" cores="6" storage="1363148800" memory="2096000" name="host35"/>
    <node network="A" bandwidth="45" mips="30000" cores="6" storage="1363148800" memory="2096000" name="host36"/>
    <node network="A" bandwidth="35" mips="25000" cores="6" storage="1363148800" memory="2096000" name="host37"/>
    <node network="A" bandwidth="35" mips="20000" cores="6" storage="1363148800" memory="2096000" name="host38"/>
    <node network="A" bandwidth="35" mips="30000" cores="6" storage="1363148800" memory="2096000" name="host39"/>
    <node network="A" bandwidth="35" mips="25000" cores="6" storage="1363148800" memory="2096000" name="host40"/>
    <node network="A" bandwidth="45" mips="20000" cores="6" storage="1363148800" memory="2096000" name="host41"/>
    <node network="A" bandwidth="35" mips="30000" cores="6" storage="1363148800" memory="2096000" name="host42"/>
    <node network="A" bandwidth="35" mips="25000" cores="6" storage="1363148800" memory="2096000" name="host43"/>
    <node network="A" bandwidth="35" mips="20000" cores="6" storage="1363148800" memory="2096000" name="host44"/>
    <node network="A" bandwidth="35" mips="30000" cores="6" storage="1363148800" memory="2096000" name="host45"/>
    <node network="A" bandwidth="45" mips="25000" cores="6" storage="1363148800" memory="2096000" name="host46"/>
    <node network="A" bandwidth="35" mips="20000" cores="6" storage="1363148800" memory="2096000" name="host47"/>
    <node network="A" bandwidth="35" mips="30000" cores="6" storage="1363148800" memory="2096000" name="host48"/>
    <node network="A" bandwidth="35" mips="25000" cores="6" storage="1363148800" memory="2096000" name="host49"/>
    <node network="A" bandwidth="35" mips="20000" cores="6" storage="1363148800" memory="2096000" name="host50"/>
    <node network="A" bandwidth="45" mips="30000" cores="6" storage="1363148800" memory="2096000" name="host51"/>
    <node network="A" bandwidth="35" mips="25000" cores="6" storage="1363148800" memory="2096000" name="host52"/>
    <node network="A" bandwidth="35" mips="20000" cores="6" storage="1363148800" memory="2096000" name="host53"/>
    <node network="A" bandwidth="35" mips="30000" cores="6" storage="1363148800" memory="2096000" name="host54"/>
    <node network="A" bandwidth="35" mips="25000" cores="6" storage="1363148800" memory="2096000" name="host55"/>
    <node network="A" bandwidth="45" mips="20000" cores="6" storage="1363148800" memory="2096000" name="host56"/>
    <node network="A" bandwidth="35" mips="30000" cores="6" storage="1363148800" memory="2096000" name="host57"/>
    <node network="A" bandwidth="35" mips="25000" cores="6" storage="1363148800" memory="2096000" name="host58"/>
    <node network="A" bandwidth="35" mips="20000" cores="6" storage="1363148800" memory="2096000" name="host59"/>
    <node network="A" bandwidth="45" mips="30000" cores="6" storage="1363148800" memory="2096000" name="host60"/>
    <node network="A" bandwidth="45" mips="25000" cores="6" storage="1363148800" memory="2096000" name="host61"/>
    <node network="A" bandwidth="35" mips="20000" cores="6" storage="1363148800" memory="2096000" name="host62"/>
    <node network="A" bandwidth="45" mips="30000" cores="6" storage="1363148800" memory="2096000" name="host63"/>
    <node network="A" bandwidth="35" mips="25000" cores="6" storage="1363148800" memory="2096000" name="host64"/>
    <utilization up="1.0" type="cpu"/>
    <utilization up="1.0" type="memory"/>
    <utilization up="1.0" type="bandwidth"/>
</adag>