[
    {
        "app": "HF_SM_02",
        "pausestart": 0,
        "start": "0.1",
        "datacenter": "A",
        "mips": 500,
        "type": "cn",
        "pauseend": 0,
        "size": 1000,
        "name": "10.31.40.2",
        "host": "host3",
        "end": "0.93",
        "pes": 1,
        "ram": 512
    },
    {
        "app": "HF_SM_11",
        "pausestart": 0,
        "start": "0.1",
        "datacenter": "A",
        "mips": 500,
        "type": "cn",
        "pauseend": 0,
        "size": 1000,
        "name": "10.31.40.11",
        "host": "host12",
        "end": "0.93",
        "pes": 1,
        "ram": 512
    },
    {
        "app": "HF_SM_00",
        "pausestart": 0,
        "start": "0.1",
        "datacenter": "A",
        "mips": 500,
        "type": "cn",
        "pauseend": 0,
        "size": 1000,
        "name": "10.31.40.0",
        "host": "host1",
        "end": "1.1",
        "pes": 1,
        "ram": 512
    },
    {
        "app": "HF_SM_12",
        "pausestart": 0,
        "start": "0.1",
        "datacenter": "A",
        "mips": 500,
        "type": "cn",
        "pauseend": 0,
        "size": 1000,
        "name": "10.31.40.12",
        "host": "host13",
        "end": "1.1",
        "pes": 1,
        "ram": 512
    },
    {
        "app": "HF_SM_21",
        "pausestart": 0,
        "start": "0.1",
        "datacenter": "A",
        "mips": 500,
        "type": "cn",
        "pauseend": 0,
        "size": 1000,
        "name": "10.31.40.21",
        "host": "host22",
        "end": "1.1",
        "pes": 1,
        "ram": 512
    },
    {
        "app": "HF_SM_01",
        "pausestart": 0,
        "start": "0.1",
        "datacenter": "A",
        "mips": 500,
        "type": "cn",
        "pauseend": 0,
        "size": 1000,
        "name": "10.31.40.1",
        "host": "host2",
        "end": "1.35",
        "pes": 1,
        "ram": 512
    },
    {
        "app": "HF_SM_22",
        "pausestart": 0,
        "start": "0.1",
        "datacenter": "A",
        "mips": 500,
        "type": "cn",
        "pauseend": 0,
        "size": 1000,
        "name": "10.31.40.22",
        "host": "host23",
        "end": "1.35",
        "pes": 1,
        "ram": 512
    },
    {
        "app": "HF_SM_03",
        "pausestart": 0,
        "start": "0.1",
        "datacenter": "A",
        "mips": 500,
        "type": "cn",
        "pauseend": 0,
        "size": 1000,
        "name": "10.31.40.3",
        "host": "host4",
        "end": "2.1",
        "pes": 1,
        "ram": 512
    },
    {
        "app": "HF_SM_13",
        "pausestart": 0,
        "start": "0.1",
        "datacenter": "A",
        "mips": 500,
        "type": "cn",
        "pauseend": 0,
        "size": 1000,
        "name": "10.31.40.13",
        "host": "host14",
        "end": "2.6",
        "pes": 1,
        "ram": 512
    },
    {
        "app": "HF_SM_23",
        "pausestart": 0,
        "start": "1.1",
        "datacenter": "A",
        "mips": 500,
        "type": "cn",
        "pauseend": 0,
        "size": 1000,
        "name": "10.31.40.23",
        "host": "host24",
        "end": "2.77",
        "pes": 1,
        "ram": 512
    },
    {
        "app": "HF_SM_14",
        "pausestart": 0,
        "start": "0.1",
        "datacenter": "A",
        "mips": 500,
        "type": "cn",
        "pauseend": 0,
        "size": 1000,
        "name": "10.31.40.14",
        "host": "host15",
        "end": "4.27",
        "pes": 1,
        "ram": 512
    },
    {
        "app": "HF_SM_44",
        "pausestart": 0,
        "start": "1.1",
        "datacenter": "A",
        "mips": 500,
        "type": "cn",
        "pauseend": 0,
        "size": 1000,
        "name": "10.31.40.44",
        "host": "host45",
        "end": "5.27",
        "pes": 1,
        "ram": 512
    },
    {
        "app": "HF_SM_04",
        "pausestart": 0,
        "start": "0.1",
        "datacenter": "A",
        "mips": 500,
        "type": "cn",
        "pauseend": 0,
        "size": 1000,
        "name": "10.31.40.4",
        "host": "host5",
        "end": "6.35",
        "pes": 1,
        "ram": 512
    },
    {
        "app": "HF_SM_24",
        "pausestart": 0,
        "start": "1.35",
        "datacenter": "A",
        "mips": 500,
        "type": "cn",
        "pauseend": 0,
        "size": 1000,
        "name": "10.31.40.24",
        "host": "host25",
        "end": "6.6",
        "pes": 1,
        "ram": 512
    },
    {
        "app": "HF_SM_05",
        "pausestart": 0,
        "start": "0.1",
        "datacenter": "A",
        "mips": 500,
        "type": "cn",
        "pauseend": 0,
        "size": 1000,
        "name": "10.31.40.5",
        "host": "host6",
        "end": "6.77",
        "pes": 1,
        "ram": 512
    },
    {
        "app": "HF_SM_08",
        "pausestart": 0,
        "start": "0.1",
        "datacenter": "A",
        "mips": 500,
        "type": "cn",
        "pauseend": 0,
        "size": 1000,
        "name": "10.31.40.8",
        "host": "host9",
        "end": "6.77",
        "pes": 1,
        "ram": 512
    },
    {
        "app": "HF_SM_17",
        "pausestart": 0,
        "start": "0.1",
        "datacenter": "A",
        "mips": 500,
        "type": "cn",
        "pauseend": 0,
        "size": 1000,
        "name": "10.31.40.17",
        "host": "host18",
        "end": "6.77",
        "pes": 1,
        "ram": 512
    },
    {
        "app": "HF_SM_20",
        "pausestart": 0,
        "start": "0.1",
        "datacenter": "A",
        "mips": 500,
        "type": "cn",
        "pauseend": 0,
        "size": 1000,
        "name": "10.31.40.20",
        "host": "host21",
        "end": "6.77",
        "pes": 1,
        "ram": 512
    },
    {
        "app": "HF_SM_34",
        "pausestart": 0,
        "start": "0.93",
        "datacenter": "A",
        "mips": 500,
        "type": "cn",
        "pauseend": 0,
        "size": 1000,
        "name": "10.31.40.34",
        "host": "host35",
        "end": "7.18",
        "pes": 1,
        "ram": 512
    },
    {
        "app": "HF_SM_31",
        "pausestart": 0,
        "start": "6.77",
        "datacenter": "A",
        "mips": 500,
        "type": "cn",
        "pauseend": 0,
        "size": 1000,
        "name": "10.31.40.31",
        "host": "host32",
        "end": "7.6",
        "pes": 1,
        "ram": 512
    },
    {
        "app": "HF_SM_35",
        "pausestart": 0,
        "start": "1.1",
        "datacenter": "A",
        "mips": 500,
        "type": "cn",
        "pauseend": 0,
        "size": 1000,
        "name": "10.31.40.35",
        "host": "host36",
        "end": "7.77",
        "pes": 1,
        "ram": 512
    },
    {
        "app": "HF_SM_06",
        "pausestart": 0,
        "start": "0.1",
        "datacenter": "A",
        "mips": 500,
        "type": "cn",
        "pauseend": 0,
        "size": 1000,
        "name": "10.31.40.6",
        "host": "host7",
        "end": "8.1",
        "pes": 1,
        "ram": 512
    },
    {
        "app": "HF_SM_09",
        "pausestart": 0,
        "start": "0.1",
        "datacenter": "A",
        "mips": 500,
        "type": "cn",
        "pauseend": 0,
        "size": 1000,
        "name": "10.31.40.9",
        "host": "host10",
        "end": "8.1",
        "pes": 1,
        "ram": 512
    },
    {
        "app": "HF_SM_15",
        "pausestart": 0,
        "start": "0.1",
        "datacenter": "A",
        "mips": 500,
        "type": "cn",
        "pauseend": 0,
        "size": 1000,
        "name": "10.31.40.15",
        "host": "host16",
        "end": "8.1",
        "pes": 1,
        "ram": 512
    },
    {
        "app": "HF_SM_18",
        "pausestart": 0,
        "start": "0.1",
        "datacenter": "A",
        "mips": 500,
        "type": "cn",
        "pauseend": 0,
        "size": 1000,
        "name": "10.31.40.18",
        "host": "host19",
        "end": "8.1",
        "pes": 1,
        "ram": 512
    },
    {
        "app": "HF_SM_26",
        "pausestart": 0,
        "start": "2.1",
        "datacenter": "A",
        "mips": 500,
        "type": "cn",
        "pauseend": 0,
        "size": 1000,
        "name": "10.31.40.26",
        "host": "host27",
        "end": "8.93",
        "pes": 1,
        "ram": 512
    },
    {
        "app": "HF_SM_41",
        "pausestart": 0,
        "start": "8.1",
        "datacenter": "A",
        "mips": 500,
        "type": "cn",
        "pauseend": 0,
        "size": 1000,
        "name": "10.31.40.41",
        "host": "host42",
        "end": "8.93",
        "pes": 1,
        "ram": 512
    },
    {
        "app": "HF_SM_43",
        "pausestart": 0,
        "start": "6.77",
        "datacenter": "A",
        "mips": 500,
        "type": "cn",
        "pauseend": 0,
        "size": 1000,
        "name": "10.31.40.43",
        "host": "host44",
        "end": "9.27",
        "pes": 1,
        "ram": 512
    },
    {
        "app": "HF_SM_45",
        "pausestart": 0,
        "start": "1.35",
        "datacenter": "A",
        "mips": 500,
        "type": "cn",
        "pauseend": 0,
        "size": 1000,
        "name": "10.31.40.45",
        "host": "host46",
        "end": "9.35",
        "pes": 1,
        "ram": 512
    },
    {
        "app": "HF_SM_32",
        "pausestart": 0,
        "start": "8.1",
        "datacenter": "A",
        "mips": 500,
        "type": "cn",
        "pauseend": 0,
        "size": 1000,
        "name": "10.31.40.32",
        "host": "host33",
        "end": "9.6",
        "pes": 1,
        "ram": 512
    },
    {
        "app": "HF_SM_07",
        "pausestart": 0,
        "start": "0.1",
        "datacenter": "A",
        "mips": 500,
        "type": "cn",
        "pauseend": 0,
        "size": 1000,
        "name": "10.31.40.7",
        "host": "host8",
        "end": "10.1",
        "pes": 1,
        "ram": 512
    },
    {
        "app": "HF_SM_10",
        "pausestart": 0,
        "start": "0.1",
        "datacenter": "A",
        "mips": 500,
        "type": "cn",
        "pauseend": 0,
        "size": 1000,
        "name": "10.31.40.10",
        "host": "host11",
        "end": "10.1",
        "pes": 1,
        "ram": 512
    },
    {
        "app": "HF_SM_16",
        "pausestart": 0,
        "start": "0.1",
        "datacenter": "A",
        "mips": 500,
        "type": "cn",
        "pauseend": 0,
        "size": 1000,
        "name": "10.31.40.16",
        "host": "host17",
        "end": "10.1",
        "pes": 1,
        "ram": 512
    },
    {
        "app": "HF_SM_19",
        "pausestart": 0,
        "start": "0.1",
        "datacenter": "A",
        "mips": 500,
        "type": "cn",
        "pauseend": 0,
        "size": 1000,
        "name": "10.31.40.19",
        "host": "host20",
        "end": "10.1",
        "pes": 1,
        "ram": 512
    },
    {
        "app": "HF_SM_36",
        "pausestart": 0,
        "start": "2.6",
        "datacenter": "A",
        "mips": 500,
        "type": "cn",
        "pauseend": 0,
        "size": 1000,
        "name": "10.31.40.36",
        "host": "host37",
        "end": "10.6",
        "pes": 1,
        "ram": 512
    },
    {
        "app": "HF_SM_25",
        "pausestart": 0,
        "start": "0.93",
        "datacenter": "A",
        "mips": 500,
        "type": "cn",
        "pauseend": 0,
        "size": 1000,
        "name": "10.31.40.25",
        "host": "host26",
        "end": "10.93",
        "pes": 1,
        "ram": 512
    },
    {
        "app": "HF_SM_42",
        "pausestart": 0,
        "start": "10.1",
        "datacenter": "A",
        "mips": 500,
        "type": "cn",
        "pauseend": 0,
        "size": 1000,
        "name": "10.31.40.42",
        "host": "host43",
        "end": "11.18",
        "pes": 1,
        "ram": 512
    },
    {
        "app": "HF_SM_33",
        "pausestart": 0,
        "start": "10.1",
        "datacenter": "A",
        "mips": 500,
        "type": "cn",
        "pauseend": 0,
        "size": 1000,
        "name": "10.31.40.33",
        "host": "host34",
        "end": "12.18",
        "pes": 1,
        "ram": 512
    },
    {
        "app": "HF_SM_37",
        "pausestart": 0,
        "start": "4.27",
        "datacenter": "A",
        "mips": 500,
        "type": "cn",
        "pauseend": 0,
        "size": 1000,
        "name": "10.31.40.37",
        "host": "host38",
        "end": "14.27",
        "pes": 1,
        "ram": 512
    },
    {
        "app": "HF_SM_27",
        "pausestart": 0,
        "start": "6.35",
        "datacenter": "A",
        "mips": 500,
        "type": "cn",
        "pauseend": 0,
        "size": 1000,
        "name": "10.31.40.27",
        "host": "host28",
        "end": "14.6",
        "pes": 1,
        "ram": 512
    },
    {
        "app": "HF_SM_38",
        "pausestart": 0,
        "start": "8.1",
        "datacenter": "A",
        "mips": 500,
        "type": "cn",
        "pauseend": 0,
        "size": 1000,
        "name": "10.31.40.38",
        "host": "host39",
        "end": "14.77",
        "pes": 1,
        "ram": 512
    },
    {
        "app": "HF_SM_29",
        "pausestart": 0,
        "start": "8.1",
        "datacenter": "A",
        "mips": 500,
        "type": "cn",
        "pauseend": 0,
        "size": 1000,
        "name": "10.31.40.29",
        "host": "host30",
        "end": "14.93",
        "pes": 1,
        "ram": 512
    },
    {
        "app": "HF_SM_28",
        "pausestart": 0,
        "start": "6.77",
        "datacenter": "A",
        "mips": 500,
        "type": "cn",
        "pauseend": 0,
        "size": 1000,
        "name": "10.31.40.28",
        "host": "host29",
        "end": "16.77",
        "pes": 1,
        "ram": 512
    },
    {
        "app": "HF_SM_40",
        "pausestart": 0,
        "start": "6.77",
        "datacenter": "A",
        "mips": 500,
        "type": "cn",
        "pauseend": 0,
        "size": 1000,
        "name": "10.31.40.40",
        "host": "host41",
        "end": "16.77",
        "pes": 1,
        "ram": 512
    },
    {
        "app": "HF_SM_30",
        "pausestart": 0,
        "start": "10.1",
        "datacenter": "A",
        "mips": 500,
        "type": "cn",
        "pauseend": 0,
        "size": 1000,
        "name": "10.31.40.30",
        "host": "host31",
        "end": "18.1",
        "pes": 1,
        "ram": 512
    },
    {
        "app": "HF_SM_39",
        "pausestart": 0,
        "start": "10.1",
        "datacenter": "A",
        "mips": 500,
        "type": "cn",
        "pauseend": 0,
        "size": 1000,
        "name": "10.31.40.39",
        "host": "host40",
        "end": "18.18",
        "pes": 1,
        "ram": 512
    },
    {
        "app": "HF_SM_48",
        "pausestart": 0,
        "start": "11.18",
        "datacenter": "A",
        "mips": 500,
        "type": "cn",
        "pauseend": 0,
        "size": 1000,
        "name": "10.31.40.48",
        "host": "host49",
        "end": "19.18",
        "pes": 1,
        "ram": 512
    },
    {
        "app": "HF_SM_71",
        "pausestart": 0,
        "start": "19.18",
        "datacenter": "A",
        "mips": 500,
        "type": "cn",
        "pauseend": 0,
        "size": 1000,
        "name": "10.31.40.71",
        "host": "host32",
        "end": "20.02",
        "pes": 1,
        "ram": 512
    },
    {
        "app": "HF_SM_72",
        "pausestart": 0,
        "start": "19.18",
        "datacenter": "A",
        "mips": 500,
        "type": "cn",
        "pauseend": 0,
        "size": 1000,
        "name": "10.31.40.72",
        "host": "host33",
        "end": "20.43",
        "pes": 1,
        "ram": 512
    },
    {
        "app": "HF_SM_47",
        "pausestart": 0,
        "start": "18.18",
        "datacenter": "A",
        "mips": 500,
        "type": "cn",
        "pauseend": 0,
        "size": 1000,
        "name": "10.31.40.47",
        "host": "host48",
        "end": "24.86",
        "pes": 1,
        "ram": 512
    },
    {
        "app": "HF_SM_62",
        "pausestart": 0,
        "start": "24.86",
        "datacenter": "A",
        "mips": 500,
        "type": "cn",
        "pauseend": 0,
        "size": 1000,
        "name": "10.31.40.62",
        "host": "host63",
        "end": "25.69",
        "pes": 1,
        "ram": 512
    },
    {
        "app": "HF_SM_61",
        "pausestart": 0,
        "start": "24.86",
        "datacenter": "A",
        "mips": 500,
        "type": "cn",
        "pauseend": 0,
        "size": 1000,
        "name": "10.31.40.61",
        "host": "host62",
        "end": "26.18",
        "pes": 1,
        "ram": 512
    },
    {
        "app": "HF_SM_95",
        "pausestart": 0,
        "start": "20.02",
        "datacenter": "A",
        "mips": 500,
        "type": "cn",
        "pauseend": 0,
        "size": 1000,
        "name": "10.31.40.95",
        "host": "host9",
        "end": "26.68",
        "pes": 1,
        "ram": 512
    },
    {
        "app": "HF_SM_63",
        "pausestart": 0,
        "start": "24.86",
        "datacenter": "A",
        "mips": 500,
        "type": "cn",
        "pauseend": 0,
        "size": 1000,
        "name": "10.31.40.63",
        "host": "host64",
        "end": "26.86",
        "pes": 1,
        "ram": 512
    },
    {
        "app": "HF_SM_69",
        "pausestart": 0,
        "start": "19.18",
        "datacenter": "A",
        "mips": 500,
        "type": "cn",
        "pauseend": 0,
        "size": 1000,
        "name": "10.31.40.69",
        "host": "host22",
        "end": "27.18",
        "pes": 1,
        "ram": 512
    },
    {
        "app": "HF_SM_96",
        "pausestart": 0,
        "start": "20.43",
        "datacenter": "A",
        "mips": 500,
        "type": "cn",
        "pauseend": 0,
        "size": 1000,
        "name": "10.31.40.96",
        "host": "host10",
        "end": "28.43",
        "pes": 1,
        "ram": 512
    },
    {
        "app": "HF_SM_46",
        "pausestart": 0,
        "start": "18.93",
        "datacenter": "A",
        "mips": 500,
        "type": "cn",
        "pauseend": 0,
        "size": 1000,
        "name": "10.31.40.46",
        "host": "host47",
        "end": "29.02",
        "pes": 1,
        "ram": 512
    },
    {
        "app": "HF_SM_93",
        "pausestart": 0,
        "start": "27.18",
        "datacenter": "A",
        "mips": 500,
        "type": "cn",
        "pauseend": 0,
        "size": 1000,
        "name": "10.31.40.93",
        "host": "host7",
        "end": "29.18",
        "pes": 1,
        "ram": 512
    },
    {
        "app": "HF_SM_70",
        "pausestart": 0,
        "start": "19.18",
        "datacenter": "A",
        "mips": 500,
        "type": "cn",
        "pauseend": 0,
        "size": 1000,
        "name": "10.31.40.70",
        "host": "host23",
        "end": "29.18",
        "pes": 1,
        "ram": 512
    },
    {
        "app": "HF_SM_64",
        "pausestart": 0,
        "start": "24.86",
        "datacenter": "A",
        "mips": 500,
        "type": "cn",
        "pauseend": 0,
        "size": 1000,
        "name": "10.31.40.64",
        "host": "host1",
        "end": "29.86",
        "pes": 1,
        "ram": 512
    },
    {
        "app": "HF_SM_51",
        "pausestart": 0,
        "start": "29.02",
        "datacenter": "A",
        "mips": 500,
        "type": "cn",
        "pauseend": 0,
        "size": 1000,
        "name": "10.31.40.51",
        "host": "host52",
        "end": "30.02",
        "pes": 1,
        "ram": 512
    },
    {
        "app": "HF_SM_52",
        "pausestart": 0,
        "start": "29.02",
        "datacenter": "A",
        "mips": 500,
        "type": "cn",
        "pauseend": 0,
        "size": 1000,
        "name": "10.31.40.52",
        "host": "host53",
        "end": "30.27",
        "pes": 1,
        "ram": 512
    },
    {
        "app": "HF_SM_53",
        "pausestart": 0,
        "start": "29.02",
        "datacenter": "A",
        "mips": 500,
        "type": "cn",
        "pauseend": 0,
        "size": 1000,
        "name": "10.31.40.53",
        "host": "host54",
        "end": "30.68",
        "pes": 1,
        "ram": 512
    },
    {
        "app": "HF_SM_66",
        "pausestart": 0,
        "start": "24.86",
        "datacenter": "A",
        "mips": 500,
        "type": "cn",
        "pauseend": 0,
        "size": 1000,
        "name": "10.31.40.66",
        "host": "host3",
        "end": "31.52",
        "pes": 1,
        "ram": 512
    },
    {
        "app": "HF_SM_67",
        "pausestart": 0,
        "start": "24.86",
        "datacenter": "A",
        "mips": 500,
        "type": "cn",
        "pauseend": 0,
        "size": 1000,
        "name": "10.31.40.67",
        "host": "host12",
        "end": "31.52",
        "pes": 1,
        "ram": 512
    },
    {
        "app": "HF_SM_91",
        "pausestart": 0,
        "start": "31.52",
        "datacenter": "A",
        "mips": 500,
        "type": "cn",
        "pauseend": 0,
        "size": 1000,
        "name": "10.31.40.91",
        "host": "host55",
        "end": "32.52",
        "pes": 1,
        "ram": 512
    },
    {
        "app": "HF_SM_68",
        "pausestart": 0,
        "start": "24.86",
        "datacenter": "A",
        "mips": 500,
        "type": "cn",
        "pauseend": 0,
        "size": 1000,
        "name": "10.31.40.68",
        "host": "host13",
        "end": "32.86",
        "pes": 1,
        "ram": 512
    },
    {
        "app": "HF_SM_60",
        "pausestart": 0,
        "start": "24.86",
        "datacenter": "A",
        "mips": 500,
        "type": "cn",
        "pauseend": 0,
        "size": 1000,
        "name": "10.31.40.60",
        "host": "host61",
        "end": "32.86",
        "pes": 1,
        "ram": 512
    },
    {
        "app": "HF_SM_87",
        "pausestart": 0,
        "start": "26.86",
        "datacenter": "A",
        "mips": 500,
        "type": "cn",
        "pauseend": 0,
        "size": 1000,
        "name": "10.31.40.87",
        "host": "host15",
        "end": "33.52",
        "pes": 1,
        "ram": 512
    },
    {
        "app": "HF_SM_92",
        "pausestart": 0,
        "start": "32.86",
        "datacenter": "A",
        "mips": 500,
        "type": "cn",
        "pauseend": 0,
        "size": 1000,
        "name": "10.31.40.92",
        "host": "host6",
        "end": "33.69",
        "pes": 1,
        "ram": 512
    },
    {
        "app": "HF_SM_54",
        "pausestart": 0,
        "start": "29.02",
        "datacenter": "A",
        "mips": 500,
        "type": "cn",
        "pauseend": 0,
        "size": 1000,
        "name": "10.31.40.54",
        "host": "host55",
        "end": "34.02",
        "pes": 1,
        "ram": 512
    },
    {
        "app": "HF_SM_85",
        "pausestart": 0,
        "start": "26.18",
        "datacenter": "A",
        "mips": 500,
        "type": "cn",
        "pauseend": 0,
        "size": 1000,
        "name": "10.31.40.85",
        "host": "host64",
        "end": "34.18",
        "pes": 1,
        "ram": 512
    },
    {
        "app": "HF_SM_65",
        "pausestart": 0,
        "start": "24.86",
        "datacenter": "A",
        "mips": 500,
        "type": "cn",
        "pauseend": 0,
        "size": 1000,
        "name": "10.31.40.65",
        "host": "host2",
        "end": "34.86",
        "pes": 1,
        "ram": 512
    },
    {
        "app": "HF_SM_94",
        "pausestart": 0,
        "start": "29.18",
        "datacenter": "A",
        "mips": 500,
        "type": "cn",
        "pauseend": 0,
        "size": 1000,
        "name": "10.31.40.94",
        "host": "host8",
        "end": "35.43",
        "pes": 1,
        "ram": 512
    },
    {
        "app": "HF_SM_50",
        "pausestart": 0,
        "start": "29.02",
        "datacenter": "A",
        "mips": 500,
        "type": "cn",
        "pauseend": 0,
        "size": 1000,
        "name": "10.31.40.50",
        "host": "host51",
        "end": "35.68",
        "pes": 1,
        "ram": 512
    },
    {
        "app": "HF_SM_56",
        "pausestart": 0,
        "start": "29.02",
        "datacenter": "A",
        "mips": 500,
        "type": "cn",
        "pauseend": 0,
        "size": 1000,
        "name": "10.31.40.56",
        "host": "host57",
        "end": "35.68",
        "pes": 1,
        "ram": 512
    },
    {
        "app": "HF_SM_59",
        "pausestart": 0,
        "start": "29.02",
        "datacenter": "A",
        "mips": 500,
        "type": "cn",
        "pauseend": 0,
        "size": 1000,
        "name": "10.31.40.59",
        "host": "host60",
        "end": "35.68",
        "pes": 1,
        "ram": 512
    },
    {
        "app": "HF_SM_86",
        "pausestart": 0,
        "start": "25.69",
        "datacenter": "A",
        "mips": 500,
        "type": "cn",
        "pauseend": 0,
        "size": 1000,
        "name": "10.31.40.86",
        "host": "host5",
        "end": "35.69",
        "pes": 1,
        "ram": 512
    },
    {
        "app": "HF_SM_57",
        "pausestart": 0,
        "start": "29.02",
        "datacenter": "A",
        "mips": 500,
        "type": "cn",
        "pauseend": 0,
        "size": 1000,
        "name": "10.31.40.57",
        "host": "host58",
        "end": "37.02",
        "pes": 1,
        "ram": 512
    },
    {
        "app": "HF_SM_84",
        "pausestart": 0,
        "start": "32.86",
        "datacenter": "A",
        "mips": 500,
        "type": "cn",
        "pauseend": 0,
        "size": 1000,
        "name": "10.31.40.84",
        "host": "host54",
        "end": "37.1",
        "pes": 1,
        "ram": 512
    },
    {
        "app": "HF_SM_81",
        "pausestart": 0,
        "start": "37.02",
        "datacenter": "A",
        "mips": 500,
        "type": "cn",
        "pauseend": 0,
        "size": 1000,
        "name": "10.31.40.81",
        "host": "host24",
        "end": "37.85",
        "pes": 1,
        "ram": 512
    },
    {
        "app": "HF_SM_88",
        "pausestart": 0,
        "start": "29.86",
        "datacenter": "A",
        "mips": 500,
        "type": "cn",
        "pauseend": 0,
        "size": 1000,
        "name": "10.31.40.88",
        "host": "host25",
        "end": "37.93",
        "pes": 1,
        "ram": 512
    },
    {
        "app": "HF_SM_75",
        "pausestart": 0,
        "start": "30.02",
        "datacenter": "A",
        "mips": 500,
        "type": "cn",
        "pauseend": 0,
        "size": 1000,
        "name": "10.31.40.75",
        "host": "host52",
        "end": "38.1",
        "pes": 1,
        "ram": 512
    },
    {
        "app": "HF_SM_83",
        "pausestart": 0,
        "start": "35.68",
        "datacenter": "A",
        "mips": 500,
        "type": "cn",
        "pauseend": 0,
        "size": 1000,
        "name": "10.31.40.83",
        "host": "host44",
        "end": "38.18",
        "pes": 1,
        "ram": 512
    },
    {
        "app": "HF_SM_90",
        "pausestart": 0,
        "start": "31.52",
        "datacenter": "A",
        "mips": 500,
        "type": "cn",
        "pauseend": 0,
        "size": 1000,
        "name": "10.31.40.90",
        "host": "host45",
        "end": "38.27",
        "pes": 1,
        "ram": 512
    },
    {
        "app": "HF_SM_55",
        "pausestart": 0,
        "start": "29.02",
        "datacenter": "A",
        "mips": 500,
        "type": "cn",
        "pauseend": 0,
        "size": 1000,
        "name": "10.31.40.55",
        "host": "host56",
        "end": "39.02",
        "pes": 1,
        "ram": 512
    },
    {
        "app": "HF_SM_58",
        "pausestart": 0,
        "start": "29.02",
        "datacenter": "A",
        "mips": 500,
        "type": "cn",
        "pauseend": 0,
        "size": 1000,
        "name": "10.31.40.58",
        "host": "host59",
        "end": "39.02",
        "pes": 1,
        "ram": 512
    },
    {
        "app": "HF_SM_49",
        "pausestart": 0,
        "start": "29.02",
        "datacenter": "A",
        "mips": 500,
        "type": "cn",
        "pauseend": 0,
        "size": 1000,
        "name": "10.31.40.49",
        "host": "host50",
        "end": "39.1",
        "pes": 1,
        "ram": 512
    },
    {
        "app": "HF_SM_82",
        "pausestart": 0,
        "start": "39.02",
        "datacenter": "A",
        "mips": 500,
        "type": "cn",
        "pauseend": 0,
        "size": 1000,
        "name": "10.31.40.82",
        "host": "host34",
        "end": "40.1",
        "pes": 1,
        "ram": 512
    },
    {
        "app": "HF_SM_76",
        "pausestart": 0,
        "start": "30.27",
        "datacenter": "A",
        "mips": 500,
        "type": "cn",
        "pauseend": 0,
        "size": 1000,
        "name": "10.31.40.76",
        "host": "host53",
        "end": "40.35",
        "pes": 1,
        "ram": 512
    },
    {
        "app": "HF_SM_78",
        "pausestart": 0,
        "start": "34.02",
        "datacenter": "A",
        "mips": 500,
        "type": "cn",
        "pauseend": 0,
        "size": 1000,
        "name": "10.31.40.78",
        "host": "host63",
        "end": "40.68",
        "pes": 1,
        "ram": 512
    },
    {
        "app": "HF_SM_74",
        "pausestart": 0,
        "start": "35.68",
        "datacenter": "A",
        "mips": 500,
        "type": "cn",
        "pauseend": 0,
        "size": 1000,
        "name": "10.31.40.74",
        "host": "host43",
        "end": "40.69",
        "pes": 1,
        "ram": 512
    },
    {
        "app": "HF_SM_77",
        "pausestart": 0,
        "start": "30.68",
        "datacenter": "A",
        "mips": 500,
        "type": "cn",
        "pauseend": 0,
        "size": 1000,
        "name": "10.31.40.77",
        "host": "host62",
        "end": "40.69",
        "pes": 1,
        "ram": 512
    },
    {
        "app": "HF_SM_73",
        "pausestart": 0,
        "start": "39.1",
        "datacenter": "A",
        "mips": 500,
        "type": "cn",
        "pauseend": 0,
        "size": 1000,
        "name": "10.31.40.73",
        "host": "host42",
        "end": "40.85",
        "pes": 1,
        "ram": 512
    },
    {
        "app": "HF_SM_89",
        "pausestart": 0,
        "start": "34.86",
        "datacenter": "A",
        "mips": 500,
        "type": "cn",
        "pauseend": 0,
        "size": 1000,
        "name": "10.31.40.89",
        "host": "host35",
        "end": "44.93",
        "pes": 1,
        "ram": 512
    },
    {
        "app": "HF_SM_99",
        "pausestart": 0,
        "start": "35.43",
        "datacenter": "A",
        "mips": 500,
        "type": "cn",
        "pauseend": 0,
        "size": 1000,
        "name": "10.31.40.99",
        "host": "host17",
        "end": "45.52",
        "pes": 1,
        "ram": 512
    },
    {
        "app": "HF_SM_80",
        "pausestart": 0,
        "start": "35.68",
        "datacenter": "A",
        "mips": 500,
        "type": "cn",
        "pauseend": 0,
        "size": 1000,
        "name": "10.31.40.80",
        "host": "host14",
        "end": "45.68",
        "pes": 1,
        "ram": 512
    },
    {
        "app": "HF_SM_79",
        "pausestart": 0,
        "start": "39.02",
        "datacenter": "A",
        "mips": 500,
        "type": "cn",
        "pauseend": 0,
        "size": 1000,
        "name": "10.31.40.79",
        "host": "host4",
        "end": "47.1",
        "pes": 1,
        "ram": 512
    },
    {
        "app": "HF_SM_98",
        "pausestart": 0,
        "start": "45.02",
        "datacenter": "A",
        "mips": 500,
        "type": "cn",
        "pauseend": 0,
        "size": 1000,
        "name": "10.31.40.98",
        "host": "host16",
        "end": "53.02",
        "pes": 1,
        "ram": 512
    },
    {
        "app": "HF_SM_97",
        "pausestart": 0,
        "start": "47.1",
        "datacenter": "A",
        "mips": 500,
        "type": "cn",
        "pauseend": 0,
        "size": 1000,
        "name": "10.31.40.97",
        "host": "host11",
        "end": "57.18",
        "pes": 1,
        "ram": 512
    }
]