[
    {
        "app": "HF_SM_02",
        "pausestart": 0,
        "start": "0.1",
        "datacenter": "A",
        "mips": 500,
        "type": "cn",
        "pauseend": 0,
        "size": 1000,
        "name": "10.31.40.2",
        "host": "host9",
        "end": "0.93",
        "pes": 1,
        "ram": 512
    },
    {
        "app": "HF_SM_12",
        "pausestart": 0,
        "start": "0.1",
        "datacenter": "A",
        "mips": 500,
        "type": "cn",
        "pauseend": 0,
        "size": 1000,
        "name": "10.31.40.12",
        "host": "host9",
        "end": "0.93",
        "pes": 1,
        "ram": 512
    },
    {
        "app": "HF_SM_01",
        "pausestart": 0,
        "start": "0.1",
        "datacenter": "A",
        "mips": 500,
        "type": "cn",
        "pauseend": 0,
        "size": 1000,
        "name": "10.31.40.1",
        "host": "host18",
        "end": "0.93",
        "pes": 1,
        "ram": 512
    },
    {
        "app": "HF_SM_11",
        "pausestart": 0,
        "start": "0.1",
        "datacenter": "A",
        "mips": 500,
        "type": "cn",
        "pauseend": 0,
        "size": 1000,
        "name": "10.31.40.11",
        "host": "host18",
        "end": "0.93",
        "pes": 1,
        "ram": 512
    },
    {
        "app": "HF_SM_22",
        "pausestart": 0,
        "start": "0.1",
        "datacenter": "A",
        "mips": 500,
        "type": "cn",
        "pauseend": 0,
        "size": 1000,
        "name": "10.31.40.22",
        "host": "host18",
        "end": "0.93",
        "pes": 1,
        "ram": 512
    },
    {
        "app": "HF_SM_00",
        "pausestart": 0,
        "start": "0.1",
        "datacenter": "A",
        "mips": 500,
        "type": "cn",
        "pauseend": 0,
        "size": 1000,
        "name": "10.31.40.0",
        "host": "host21",
        "end": "0.93",
        "pes": 1,
        "ram": 512
    },
    {
        "app": "HF_SM_21",
        "pausestart": 0,
        "start": "0.1",
        "datacenter": "A",
        "mips": 500,
        "type": "cn",
        "pauseend": 0,
        "size": 1000,
        "name": "10.31.40.21",
        "host": "host21",
        "end": "0.93",
        "pes": 1,
        "ram": 512
    },
    {
        "app": "HF_SM_13",
        "pausestart": 0,
        "start": "0.1",
        "datacenter": "A",
        "mips": 500,
        "type": "cn",
        "pauseend": 0,
        "size": 1000,
        "name": "10.31.40.13",
        "host": "host6",
        "end": "1.77",
        "pes": 1,
        "ram": 512
    },
    {
        "app": "HF_SM_03",
        "pausestart": 0,
        "start": "0.94",
        "datacenter": "A",
        "mips": 500,
        "type": "cn",
        "pauseend": 0,
        "size": 1000,
        "name": "10.31.40.3",
        "host": "host1",
        "end": "1.93",
        "pes": 1,
        "ram": 512
    },
    {
        "app": "HF_SM_23",
        "pausestart": 0,
        "start": "0.93",
        "datacenter": "A",
        "mips": 500,
        "type": "cn",
        "pauseend": 0,
        "size": 1000,
        "name": "10.31.40.23",
        "host": "host21",
        "end": "2.6",
        "pes": 1,
        "ram": 512
    },
    {
        "app": "HF_SM_04",
        "pausestart": 0,
        "start": "0.1",
        "datacenter": "A",
        "mips": 500,
        "type": "cn",
        "pauseend": 0,
        "size": 1000,
        "name": "10.31.40.4",
        "host": "host6",
        "end": "4.27",
        "pes": 1,
        "ram": 512
    },
    {
        "app": "HF_SM_14",
        "pausestart": 0,
        "start": "0.1",
        "datacenter": "A",
        "mips": 500,
        "type": "cn",
        "pauseend": 0,
        "size": 1000,
        "name": "10.31.40.14",
        "host": "host6",
        "end": "4.27",
        "pes": 1,
        "ram": 512
    },
    {
        "app": "HF_SM_24",
        "pausestart": 0,
        "start": "0.93",
        "datacenter": "A",
        "mips": 500,
        "type": "cn",
        "pauseend": 0,
        "size": 1000,
        "name": "10.31.40.24",
        "host": "host18",
        "end": "5.1",
        "pes": 1,
        "ram": 512
    },
    {
        "app": "HF_SM_34",
        "pausestart": 0,
        "start": "0.93",
        "datacenter": "A",
        "mips": 500,
        "type": "cn",
        "pauseend": 0,
        "size": 1000,
        "name": "10.31.40.34",
        "host": "host18",
        "end": "5.1",
        "pes": 1,
        "ram": 512
    },
    {
        "app": "HF_SM_44",
        "pausestart": 0,
        "start": "0.93",
        "datacenter": "A",
        "mips": 500,
        "type": "cn",
        "pauseend": 0,
        "size": 1000,
        "name": "10.31.40.44",
        "host": "host21",
        "end": "5.1",
        "pes": 1,
        "ram": 512
    },
    {
        "app": "HF_SM_06",
        "pausestart": 0,
        "start": "0.1",
        "datacenter": "A",
        "mips": 500,
        "type": "cn",
        "pauseend": 0,
        "size": 1000,
        "name": "10.31.40.6",
        "host": "host3",
        "end": "6.77",
        "pes": 1,
        "ram": 512
    },
    {
        "app": "HF_SM_07",
        "pausestart": 0,
        "start": "0.1",
        "datacenter": "A",
        "mips": 500,
        "type": "cn",
        "pauseend": 0,
        "size": 1000,
        "name": "10.31.40.7",
        "host": "host3",
        "end": "6.77",
        "pes": 1,
        "ram": 512
    },
    {
        "app": "HF_SM_15",
        "pausestart": 0,
        "start": "0.1",
        "datacenter": "A",
        "mips": 500,
        "type": "cn",
        "pauseend": 0,
        "size": 1000,
        "name": "10.31.40.15",
        "host": "host3",
        "end": "6.77",
        "pes": 1,
        "ram": 512
    },
    {
        "app": "HF_SM_16",
        "pausestart": 0,
        "start": "0.1",
        "datacenter": "A",
        "mips": 500,
        "type": "cn",
        "pauseend": 0,
        "size": 1000,
        "name": "10.31.40.16",
        "host": "host3",
        "end": "6.77",
        "pes": 1,
        "ram": 512
    },
    {
        "app": "HF_SM_17",
        "pausestart": 0,
        "start": "0.1",
        "datacenter": "A",
        "mips": 500,
        "type": "cn",
        "pauseend": 0,
        "size": 1000,
        "name": "10.31.40.17",
        "host": "host3",
        "end": "6.77",
        "pes": 1,
        "ram": 512
    },
    {
        "app": "HF_SM_10",
        "pausestart": 0,
        "start": "0.1",
        "datacenter": "A",
        "mips": 500,
        "type": "cn",
        "pauseend": 0,
        "size": 1000,
        "name": "10.31.40.10",
        "host": "host6",
        "end": "6.77",
        "pes": 1,
        "ram": 512
    },
    {
        "app": "HF_SM_19",
        "pausestart": 0,
        "start": "0.1",
        "datacenter": "A",
        "mips": 500,
        "type": "cn",
        "pauseend": 0,
        "size": 1000,
        "name": "10.31.40.19",
        "host": "host6",
        "end": "6.77",
        "pes": 1,
        "ram": 512
    },
    {
        "app": "HF_SM_08",
        "pausestart": 0,
        "start": "0.1",
        "datacenter": "A",
        "mips": 500,
        "type": "cn",
        "pauseend": 0,
        "size": 1000,
        "name": "10.31.40.8",
        "host": "host9",
        "end": "6.77",
        "pes": 1,
        "ram": 512
    },
    {
        "app": "HF_SM_09",
        "pausestart": 0,
        "start": "0.1",
        "datacenter": "A",
        "mips": 500,
        "type": "cn",
        "pauseend": 0,
        "size": 1000,
        "name": "10.31.40.9",
        "host": "host9",
        "end": "6.77",
        "pes": 1,
        "ram": 512
    },
    {
        "app": "HF_SM_18",
        "pausestart": 0,
        "start": "0.1",
        "datacenter": "A",
        "mips": 500,
        "type": "cn",
        "pauseend": 0,
        "size": 1000,
        "name": "10.31.40.18",
        "host": "host9",
        "end": "6.77",
        "pes": 1,
        "ram": 512
    },
    {
        "app": "HF_SM_20",
        "pausestart": 0,
        "start": "0.1",
        "datacenter": "A",
        "mips": 500,
        "type": "cn",
        "pauseend": 0,
        "size": 1000,
        "name": "10.31.40.20",
        "host": "host15",
        "end": "6.77",
        "pes": 1,
        "ram": 512
    },
    {
        "app": "HF_SM_35",
        "pausestart": 0,
        "start": "0.93",
        "datacenter": "A",
        "mips": 500,
        "type": "cn",
        "pauseend": 0,
        "size": 1000,
        "name": "10.31.40.35",
        "host": "host9",
        "end": "7.6",
        "pes": 1,
        "ram": 512
    },
    {
        "app": "HF_SM_45",
        "pausestart": 0,
        "start": "0.93",
        "datacenter": "A",
        "mips": 500,
        "type": "cn",
        "pauseend": 0,
        "size": 1000,
        "name": "10.31.40.45",
        "host": "host18",
        "end": "7.6",
        "pes": 1,
        "ram": 512
    },
    {
        "app": "HF_SM_42",
        "pausestart": 0,
        "start": "6.77",
        "datacenter": "A",
        "mips": 500,
        "type": "cn",
        "pauseend": 0,
        "size": 1000,
        "name": "10.31.40.42",
        "host": "host21",
        "end": "7.6",
        "pes": 1,
        "ram": 512
    },
    {
        "app": "HF_SM_31",
        "pausestart": 0,
        "start": "6.77",
        "datacenter": "A",
        "mips": 500,
        "type": "cn",
        "pauseend": 0,
        "size": 1000,
        "name": "10.31.40.31",
        "host": "host24",
        "end": "7.6",
        "pes": 1,
        "ram": 512
    },
    {
        "app": "HF_SM_32",
        "pausestart": 0,
        "start": "6.77",
        "datacenter": "A",
        "mips": 500,
        "type": "cn",
        "pauseend": 0,
        "size": 1000,
        "name": "10.31.40.32",
        "host": "host24",
        "end": "7.6",
        "pes": 1,
        "ram": 512
    },
    {
        "app": "HF_SM_41",
        "pausestart": 0,
        "start": "6.77",
        "datacenter": "A",
        "mips": 500,
        "type": "cn",
        "pauseend": 0,
        "size": 1000,
        "name": "10.31.40.41",
        "host": "host36",
        "end": "7.6",
        "pes": 1,
        "ram": 512
    },
    {
        "app": "HF_SM_25",
        "pausestart": 0,
        "start": "0.93",
        "datacenter": "A",
        "mips": 500,
        "type": "cn",
        "pauseend": 0,
        "size": 1000,
        "name": "10.31.40.25",
        "host": "host15",
        "end": "7.77",
        "pes": 1,
        "ram": 512
    },
    {
        "app": "HF_SM_05",
        "pausestart": 0,
        "start": "0.94",
        "datacenter": "A",
        "mips": 500,
        "type": "cn",
        "pauseend": 0,
        "size": 1000,
        "name": "10.31.40.5",
        "host": "host1",
        "end": "7.93",
        "pes": 1,
        "ram": 512
    },
    {
        "app": "HF_SM_33",
        "pausestart": 0,
        "start": "6.77",
        "datacenter": "A",
        "mips": 500,
        "type": "cn",
        "pauseend": 0,
        "size": 1000,
        "name": "10.31.40.33",
        "host": "host21",
        "end": "8.43",
        "pes": 1,
        "ram": 512
    },
    {
        "app": "HF_SM_43",
        "pausestart": 0,
        "start": "6.77",
        "datacenter": "A",
        "mips": 500,
        "type": "cn",
        "pauseend": 0,
        "size": 1000,
        "name": "10.31.40.43",
        "host": "host36",
        "end": "8.43",
        "pes": 1,
        "ram": 512
    },
    {
        "app": "HF_SM_36",
        "pausestart": 0,
        "start": "8.1",
        "datacenter": "A",
        "mips": 500,
        "type": "cn",
        "pauseend": 0,
        "size": 1000,
        "name": "10.31.40.36",
        "host": "host1",
        "end": "8.6",
        "pes": 1,
        "ram": 512
    },
    {
        "app": "HF_SM_26",
        "pausestart": 0,
        "start": "1.93",
        "datacenter": "A",
        "mips": 500,
        "type": "cn",
        "pauseend": 0,
        "size": 1000,
        "name": "10.31.40.26",
        "host": "host12",
        "end": "8.77",
        "pes": 1,
        "ram": 512
    },
    {
        "app": "HF_SM_37",
        "pausestart": 0,
        "start": "4.27",
        "datacenter": "A",
        "mips": 500,
        "type": "cn",
        "pauseend": 0,
        "size": 1000,
        "name": "10.31.40.37",
        "host": "host15",
        "end": "10.93",
        "pes": 1,
        "ram": 512
    },
    {
        "app": "HF_SM_27",
        "pausestart": 0,
        "start": "4.27",
        "datacenter": "A",
        "mips": 500,
        "type": "cn",
        "pauseend": 0,
        "size": 1000,
        "name": "10.31.40.27",
        "host": "host15",
        "end": "11.1",
        "pes": 1,
        "ram": 512
    },
    {
        "app": "HF_SM_30",
        "pausestart": 0,
        "start": "6.77",
        "datacenter": "A",
        "mips": 500,
        "type": "cn",
        "pauseend": 0,
        "size": 1000,
        "name": "10.31.40.30",
        "host": "host12",
        "end": "13.43",
        "pes": 1,
        "ram": 512
    },
    {
        "app": "HF_SM_38",
        "pausestart": 0,
        "start": "6.77",
        "datacenter": "A",
        "mips": 500,
        "type": "cn",
        "pauseend": 0,
        "size": 1000,
        "name": "10.31.40.38",
        "host": "host12",
        "end": "13.43",
        "pes": 1,
        "ram": 512
    },
    {
        "app": "HF_SM_39",
        "pausestart": 0,
        "start": "6.77",
        "datacenter": "A",
        "mips": 500,
        "type": "cn",
        "pauseend": 0,
        "size": 1000,
        "name": "10.31.40.39",
        "host": "host15",
        "end": "13.43",
        "pes": 1,
        "ram": 512
    },
    {
        "app": "HF_SM_40",
        "pausestart": 0,
        "start": "6.77",
        "datacenter": "A",
        "mips": 500,
        "type": "cn",
        "pauseend": 0,
        "size": 1000,
        "name": "10.31.40.40",
        "host": "host15",
        "end": "13.43",
        "pes": 1,
        "ram": 512
    },
    {
        "app": "HF_SM_29",
        "pausestart": 0,
        "start": "6.77",
        "datacenter": "A",
        "mips": 500,
        "type": "cn",
        "pauseend": 0,
        "size": 1000,
        "name": "10.31.40.29",
        "host": "host12",
        "end": "13.6",
        "pes": 1,
        "ram": 512
    },
    {
        "app": "HF_SM_28",
        "pausestart": 0,
        "start": "7.93",
        "datacenter": "A",
        "mips": 500,
        "type": "cn",
        "pauseend": 0,
        "size": 1000,
        "name": "10.31.40.28",
        "host": "host12",
        "end": "14.6",
        "pes": 1,
        "ram": 512
    },
    {
        "app": "HF_SM_48",
        "pausestart": 0,
        "start": "8.43",
        "datacenter": "A",
        "mips": 500,
        "type": "cn",
        "pauseend": 0,
        "size": 1000,
        "name": "10.31.40.48",
        "host": "host36",
        "end": "15.1",
        "pes": 1,
        "ram": 512
    },
    {
        "app": "HF_SM_71",
        "pausestart": 0,
        "start": "15.1",
        "datacenter": "A",
        "mips": 500,
        "type": "cn",
        "pauseend": 0,
        "size": 1000,
        "name": "10.31.40.71",
        "host": "host30",
        "end": "15.93",
        "pes": 1,
        "ram": 512
    },
    {
        "app": "HF_SM_72",
        "pausestart": 0,
        "start": "15.1",
        "datacenter": "A",
        "mips": 500,
        "type": "cn",
        "pauseend": 0,
        "size": 1000,
        "name": "10.31.40.72",
        "host": "host51",
        "end": "15.93",
        "pes": 1,
        "ram": 512
    },
    {
        "app": "HF_SM_47",
        "pausestart": 0,
        "start": "13.43",
        "datacenter": "A",
        "mips": 500,
        "type": "cn",
        "pauseend": 0,
        "size": 1000,
        "name": "10.31.40.47",
        "host": "host36",
        "end": "20.27",
        "pes": 1,
        "ram": 512
    },
    {
        "app": "HF_SM_61",
        "pausestart": 0,
        "start": "20.27",
        "datacenter": "A",
        "mips": 500,
        "type": "cn",
        "pauseend": 0,
        "size": 1000,
        "name": "10.31.40.61",
        "host": "host30",
        "end": "21.1",
        "pes": 1,
        "ram": 512
    },
    {
        "app": "HF_SM_62",
        "pausestart": 0,
        "start": "20.27",
        "datacenter": "A",
        "mips": 500,
        "type": "cn",
        "pauseend": 0,
        "size": 1000,
        "name": "10.31.40.62",
        "host": "host30",
        "end": "21.1",
        "pes": 1,
        "ram": 512
    },
    {
        "app": "HF_SM_46",
        "pausestart": 0,
        "start": "14.77",
        "datacenter": "A",
        "mips": 500,
        "type": "cn",
        "pauseend": 0,
        "size": 1000,
        "name": "10.31.40.46",
        "host": "host36",
        "end": "21.6",
        "pes": 1,
        "ram": 512
    },
    {
        "app": "HF_SM_70",
        "pausestart": 0,
        "start": "15.1",
        "datacenter": "A",
        "mips": 500,
        "type": "cn",
        "pauseend": 0,
        "size": 1000,
        "name": "10.31.40.70",
        "host": "host27",
        "end": "21.77",
        "pes": 1,
        "ram": 512
    },
    {
        "app": "HF_SM_69",
        "pausestart": 0,
        "start": "15.1",
        "datacenter": "A",
        "mips": 500,
        "type": "cn",
        "pauseend": 0,
        "size": 1000,
        "name": "10.31.40.69",
        "host": "host30",
        "end": "21.77",
        "pes": 1,
        "ram": 512
    },
    {
        "app": "HF_SM_63",
        "pausestart": 0,
        "start": "20.27",
        "datacenter": "A",
        "mips": 500,
        "type": "cn",
        "pauseend": 0,
        "size": 1000,
        "name": "10.31.40.63",
        "host": "host30",
        "end": "21.93",
        "pes": 1,
        "ram": 512
    },
    {
        "app": "HF_SM_51",
        "pausestart": 0,
        "start": "21.6",
        "datacenter": "A",
        "mips": 500,
        "type": "cn",
        "pauseend": 0,
        "size": 1000,
        "name": "10.31.40.51",
        "host": "host32",
        "end": "22.43",
        "pes": 1,
        "ram": 512
    },
    {
        "app": "HF_SM_52",
        "pausestart": 0,
        "start": "21.6",
        "datacenter": "A",
        "mips": 500,
        "type": "cn",
        "pauseend": 0,
        "size": 1000,
        "name": "10.31.40.52",
        "host": "host32",
        "end": "22.43",
        "pes": 1,
        "ram": 512
    },
    {
        "app": "HF_SM_95",
        "pausestart": 0,
        "start": "15.93",
        "datacenter": "A",
        "mips": 500,
        "type": "cn",
        "pauseend": 0,
        "size": 1000,
        "name": "10.31.40.95",
        "host": "host39",
        "end": "22.6",
        "pes": 1,
        "ram": 512
    },
    {
        "app": "HF_SM_96",
        "pausestart": 0,
        "start": "15.93",
        "datacenter": "A",
        "mips": 500,
        "type": "cn",
        "pauseend": 0,
        "size": 1000,
        "name": "10.31.40.96",
        "host": "host42",
        "end": "22.6",
        "pes": 1,
        "ram": 512
    },
    {
        "app": "HF_SM_53",
        "pausestart": 0,
        "start": "21.6",
        "datacenter": "A",
        "mips": 500,
        "type": "cn",
        "pauseend": 0,
        "size": 1000,
        "name": "10.31.40.53",
        "host": "host30",
        "end": "23.27",
        "pes": 1,
        "ram": 512
    },
    {
        "app": "HF_SM_93",
        "pausestart": 0,
        "start": "21.77",
        "datacenter": "A",
        "mips": 500,
        "type": "cn",
        "pauseend": 0,
        "size": 1000,
        "name": "10.31.40.93",
        "host": "host42",
        "end": "23.43",
        "pes": 1,
        "ram": 512
    },
    {
        "app": "HF_SM_64",
        "pausestart": 0,
        "start": "20.27",
        "datacenter": "A",
        "mips": 500,
        "type": "cn",
        "pauseend": 0,
        "size": 1000,
        "name": "10.31.40.64",
        "host": "host27",
        "end": "24.43",
        "pes": 1,
        "ram": 512
    },
    {
        "app": "HF_SM_54",
        "pausestart": 0,
        "start": "21.6",
        "datacenter": "A",
        "mips": 500,
        "type": "cn",
        "pauseend": 0,
        "size": 1000,
        "name": "10.31.40.54",
        "host": "host27",
        "end": "25.77",
        "pes": 1,
        "ram": 512
    },
    {
        "app": "HF_SM_94",
        "pausestart": 0,
        "start": "21.77",
        "datacenter": "A",
        "mips": 500,
        "type": "cn",
        "pauseend": 0,
        "size": 1000,
        "name": "10.31.40.94",
        "host": "host42",
        "end": "25.93",
        "pes": 1,
        "ram": 512
    },
    {
        "app": "HF_SM_65",
        "pausestart": 0,
        "start": "20.27",
        "datacenter": "A",
        "mips": 500,
        "type": "cn",
        "pauseend": 0,
        "size": 1000,
        "name": "10.31.40.65",
        "host": "host24",
        "end": "26.93",
        "pes": 1,
        "ram": 512
    },
    {
        "app": "HF_SM_66",
        "pausestart": 0,
        "start": "20.27",
        "datacenter": "A",
        "mips": 500,
        "type": "cn",
        "pauseend": 0,
        "size": 1000,
        "name": "10.31.40.66",
        "host": "host24",
        "end": "26.93",
        "pes": 1,
        "ram": 512
    },
    {
        "app": "HF_SM_60",
        "pausestart": 0,
        "start": "20.27",
        "datacenter": "A",
        "mips": 500,
        "type": "cn",
        "pauseend": 0,
        "size": 1000,
        "name": "10.31.40.60",
        "host": "host27",
        "end": "26.93",
        "pes": 1,
        "ram": 512
    },
    {
        "app": "HF_SM_67",
        "pausestart": 0,
        "start": "20.27",
        "datacenter": "A",
        "mips": 500,
        "type": "cn",
        "pauseend": 0,
        "size": 1000,
        "name": "10.31.40.67",
        "host": "host51",
        "end": "26.93",
        "pes": 1,
        "ram": 512
    },
    {
        "app": "HF_SM_68",
        "pausestart": 0,
        "start": "20.27",
        "datacenter": "A",
        "mips": 500,
        "type": "cn",
        "pauseend": 0,
        "size": 1000,
        "name": "10.31.40.68",
        "host": "host51",
        "end": "26.93",
        "pes": 1,
        "ram": 512
    },
    {
        "app": "HF_SM_86",
        "pausestart": 0,
        "start": "21.1",
        "datacenter": "A",
        "mips": 500,
        "type": "cn",
        "pauseend": 0,
        "size": 1000,
        "name": "10.31.40.86",
        "host": "host32",
        "end": "27.77",
        "pes": 1,
        "ram": 512
    },
    {
        "app": "HF_SM_85",
        "pausestart": 0,
        "start": "21.1",
        "datacenter": "A",
        "mips": 500,
        "type": "cn",
        "pauseend": 0,
        "size": 1000,
        "name": "10.31.40.85",
        "host": "host39",
        "end": "27.77",
        "pes": 1,
        "ram": 512
    },
    {
        "app": "HF_SM_91",
        "pausestart": 0,
        "start": "26.93",
        "datacenter": "A",
        "mips": 500,
        "type": "cn",
        "pauseend": 0,
        "size": 1000,
        "name": "10.31.40.91",
        "host": "host45",
        "end": "27.77",
        "pes": 1,
        "ram": 512
    },
    {
        "app": "HF_SM_92",
        "pausestart": 0,
        "start": "26.93",
        "datacenter": "A",
        "mips": 500,
        "type": "cn",
        "pauseend": 0,
        "size": 1000,
        "name": "10.31.40.92",
        "host": "host45",
        "end": "27.77",
        "pes": 1,
        "ram": 512
    },
    {
        "app": "HF_SM_55",
        "pausestart": 0,
        "start": "21.6",
        "datacenter": "A",
        "mips": 500,
        "type": "cn",
        "pauseend": 0,
        "size": 1000,
        "name": "10.31.40.55",
        "host": "host24",
        "end": "28.27",
        "pes": 1,
        "ram": 512
    },
    {
        "app": "HF_SM_56",
        "pausestart": 0,
        "start": "21.6",
        "datacenter": "A",
        "mips": 500,
        "type": "cn",
        "pauseend": 0,
        "size": 1000,
        "name": "10.31.40.56",
        "host": "host24",
        "end": "28.27",
        "pes": 1,
        "ram": 512
    },
    {
        "app": "HF_SM_50",
        "pausestart": 0,
        "start": "21.6",
        "datacenter": "A",
        "mips": 500,
        "type": "cn",
        "pauseend": 0,
        "size": 1000,
        "name": "10.31.40.50",
        "host": "host27",
        "end": "28.27",
        "pes": 1,
        "ram": 512
    },
    {
        "app": "HF_SM_59",
        "pausestart": 0,
        "start": "21.6",
        "datacenter": "A",
        "mips": 500,
        "type": "cn",
        "pauseend": 0,
        "size": 1000,
        "name": "10.31.40.59",
        "host": "host27",
        "end": "28.27",
        "pes": 1,
        "ram": 512
    },
    {
        "app": "HF_SM_57",
        "pausestart": 0,
        "start": "21.6",
        "datacenter": "A",
        "mips": 500,
        "type": "cn",
        "pauseend": 0,
        "size": 1000,
        "name": "10.31.40.57",
        "host": "host32",
        "end": "28.27",
        "pes": 1,
        "ram": 512
    },
    {
        "app": "HF_SM_58",
        "pausestart": 0,
        "start": "21.6",
        "datacenter": "A",
        "mips": 500,
        "type": "cn",
        "pauseend": 0,
        "size": 1000,
        "name": "10.31.40.58",
        "host": "host32",
        "end": "28.27",
        "pes": 1,
        "ram": 512
    },
    {
        "app": "HF_SM_49",
        "pausestart": 0,
        "start": "21.6",
        "datacenter": "A",
        "mips": 500,
        "type": "cn",
        "pauseend": 0,
        "size": 1000,
        "name": "10.31.40.49",
        "host": "host36",
        "end": "28.27",
        "pes": 1,
        "ram": 512
    },
    {
        "app": "HF_SM_87",
        "pausestart": 0,
        "start": "21.93",
        "datacenter": "A",
        "mips": 500,
        "type": "cn",
        "pauseend": 0,
        "size": 1000,
        "name": "10.31.40.87",
        "host": "host39",
        "end": "28.6",
        "pes": 1,
        "ram": 512
    },
    {
        "app": "HF_SM_81",
        "pausestart": 0,
        "start": "28.27",
        "datacenter": "A",
        "mips": 500,
        "type": "cn",
        "pauseend": 0,
        "size": 1000,
        "name": "10.31.40.81",
        "host": "host45",
        "end": "29.1",
        "pes": 1,
        "ram": 512
    },
    {
        "app": "HF_SM_82",
        "pausestart": 0,
        "start": "28.27",
        "datacenter": "A",
        "mips": 500,
        "type": "cn",
        "pauseend": 0,
        "size": 1000,
        "name": "10.31.40.82",
        "host": "host45",
        "end": "29.1",
        "pes": 1,
        "ram": 512
    },
    {
        "app": "HF_SM_75",
        "pausestart": 0,
        "start": "22.43",
        "datacenter": "A",
        "mips": 500,
        "type": "cn",
        "pauseend": 0,
        "size": 1000,
        "name": "10.31.40.75",
        "host": "host51",
        "end": "29.1",
        "pes": 1,
        "ram": 512
    },
    {
        "app": "HF_SM_76",
        "pausestart": 0,
        "start": "22.43",
        "datacenter": "A",
        "mips": 500,
        "type": "cn",
        "pauseend": 0,
        "size": 1000,
        "name": "10.31.40.76",
        "host": "host51",
        "end": "29.1",
        "pes": 1,
        "ram": 512
    },
    {
        "app": "HF_SM_83",
        "pausestart": 0,
        "start": "28.27",
        "datacenter": "A",
        "mips": 500,
        "type": "cn",
        "pauseend": 0,
        "size": 1000,
        "name": "10.31.40.83",
        "host": "host42",
        "end": "29.93",
        "pes": 1,
        "ram": 512
    },
    {
        "app": "HF_SM_77",
        "pausestart": 0,
        "start": "23.27",
        "datacenter": "A",
        "mips": 500,
        "type": "cn",
        "pauseend": 0,
        "size": 1000,
        "name": "10.31.40.77",
        "host": "host60",
        "end": "30.1",
        "pes": 1,
        "ram": 512
    },
    {
        "app": "HF_SM_73",
        "pausestart": 0,
        "start": "28.27",
        "datacenter": "A",
        "mips": 500,
        "type": "cn",
        "pauseend": 0,
        "size": 1000,
        "name": "10.31.40.73",
        "host": "host60",
        "end": "30.1",
        "pes": 1,
        "ram": 512
    },
    {
        "app": "HF_SM_88",
        "pausestart": 0,
        "start": "24.43",
        "datacenter": "A",
        "mips": 500,
        "type": "cn",
        "pauseend": 0,
        "size": 1000,
        "name": "10.31.40.88",
        "host": "host39",
        "end": "31.1",
        "pes": 1,
        "ram": 512
    },
    {
        "app": "HF_SM_84",
        "pausestart": 0,
        "start": "26.93",
        "datacenter": "A",
        "mips": 500,
        "type": "cn",
        "pauseend": 0,
        "size": 1000,
        "name": "10.31.40.84",
        "host": "host42",
        "end": "31.1",
        "pes": 1,
        "ram": 512
    },
    {
        "app": "HF_SM_78",
        "pausestart": 0,
        "start": "25.77",
        "datacenter": "A",
        "mips": 500,
        "type": "cn",
        "pauseend": 0,
        "size": 1000,
        "name": "10.31.40.78",
        "host": "host39",
        "end": "32.43",
        "pes": 1,
        "ram": 512
    },
    {
        "app": "HF_SM_99",
        "pausestart": 0,
        "start": "25.93",
        "datacenter": "A",
        "mips": 500,
        "type": "cn",
        "pauseend": 0,
        "size": 1000,
        "name": "10.31.40.99",
        "host": "host45",
        "end": "32.6",
        "pes": 1,
        "ram": 512
    },
    {
        "app": "HF_SM_74",
        "pausestart": 0,
        "start": "28.27",
        "datacenter": "A",
        "mips": 500,
        "type": "cn",
        "pauseend": 0,
        "size": 1000,
        "name": "10.31.40.74",
        "host": "host60",
        "end": "32.6",
        "pes": 1,
        "ram": 512
    },
    {
        "app": "HF_SM_90",
        "pausestart": 0,
        "start": "26.93",
        "datacenter": "A",
        "mips": 500,
        "type": "cn",
        "pauseend": 0,
        "size": 1000,
        "name": "10.31.40.90",
        "host": "host32",
        "end": "33.6",
        "pes": 1,
        "ram": 512
    },
    {
        "app": "HF_SM_89",
        "pausestart": 0,
        "start": "26.93",
        "datacenter": "A",
        "mips": 500,
        "type": "cn",
        "pauseend": 0,
        "size": 1000,
        "name": "10.31.40.89",
        "host": "host42",
        "end": "33.6",
        "pes": 1,
        "ram": 512
    },
    {
        "app": "HF_SM_80",
        "pausestart": 0,
        "start": "28.27",
        "datacenter": "A",
        "mips": 500,
        "type": "cn",
        "pauseend": 0,
        "size": 1000,
        "name": "10.31.40.80",
        "host": "host39",
        "end": "34.93",
        "pes": 1,
        "ram": 512
    },
    {
        "app": "HF_SM_79",
        "pausestart": 0,
        "start": "28.27",
        "datacenter": "A",
        "mips": 500,
        "type": "cn",
        "pauseend": 0,
        "size": 1000,
        "name": "10.31.40.79",
        "host": "host51",
        "end": "35.1",
        "pes": 1,
        "ram": 512
    },
    {
        "app": "HF_SM_98",
        "pausestart": 0,
        "start": "33.6",
        "datacenter": "A",
        "mips": 500,
        "type": "cn",
        "pauseend": 0,
        "size": 1000,
        "name": "10.31.40.98",
        "host": "host60",
        "end": "40.27",
        "pes": 1,
        "ram": 512
    },
    {
        "app": "HF_SM_97",
        "pausestart": 0,
        "start": "35.1",
        "datacenter": "A",
        "mips": 500,
        "type": "cn",
        "pauseend": 0,
        "size": 1000,
        "name": "10.31.40.97",
        "host": "host45",
        "end": "41.77",
        "pes": 1,
        "ram": 512
    }
]